-- Use the created database
USE flavourly_menu_db;

--
-- Dumping data for table `Audit_Log`
--

INSERT INTO `Audit_Log` (`audit_log_id`, `user_id`, `action`, `table_name`, `action_type`, `created_at`) VALUES (1,1,'Inserted a new restaurant: La Bella Cucina','Restaurant','INSERT','2024-12-08 15:53:47'),(2,1,'Updated restaurant hours for \"Spice Haven\"','Restaurant_Hours','UPDATE','2024-12-08 15:53:47'),(3,1,'Deleted a menu item: Alfredo Sauce Pasta','Menu_Item','DELETE','2024-12-08 15:53:47');


--
-- Dumping data for table `Menu`
--

INSERT INTO `Menu` (`menu_id`, `restaurant_id`, `name`, `description`, `is_active`, `display_order`, `created_at`, `updated_at`) VALUES (1,1,'Breakfast Menu','Start your day with Italian delights.',1,1,'2024-12-08 15:40:19','2024-12-08 15:40:19'),(2,1,'Lunch Menu','Hearty Italian meals for the afternoon.',1,2,'2024-12-08 15:40:19','2024-12-08 15:40:19'),(3,1,'Dinner Menu','Elegant Italian dinners to end your day.',1,3,'2024-12-08 15:40:19','2024-12-08 15:40:19'),(4,2,'Breakfast Menu','Spice up your morning with Mexican flavors.',1,1,'2024-12-08 15:40:19','2024-12-08 15:40:19'),(5,2,'Lunch Menu','Zesty Mexican dishes for your afternoon.',1,2,'2024-12-08 15:40:19','2024-12-08 15:40:19'),(6,2,'Dinner Menu','Mexican feasts for dinner.',1,3,'2024-12-08 15:40:19','2024-12-08 15:40:19'),(7,3,'Breakfast Menu','Traditional Indian breakfasts to start your day.',1,1,'2024-12-08 15:40:19','2024-12-08 15:40:19'),(8,3,'Lunch Menu','Authentic Indian meals for lunch.',1,2,'2024-12-08 15:40:19','2024-12-08 15:40:19'),(9,3,'Dinner Menu','Rich and flavorful Indian dinners.',1,3,'2024-12-08 15:40:19','2024-12-08 15:40:19');


--
-- Dumping data for table `Menu_Category`
--

INSERT INTO `Menu_Category` (`category_id`, `menu_id`, `name`, `display_order`, `created_at`, `updated_at`) VALUES (1,1,'Hot Beverages',1,'2024-12-08 15:40:19','2024-12-08 15:40:19'),(2,1,'Pastries',2,'2024-12-08 15:40:19','2024-12-08 15:40:19'),(3,2,'Appetizers',1,'2024-12-08 15:40:19','2024-12-08 15:40:19'),(4,2,'Main Course',2,'2024-12-08 15:40:19','2024-12-08 15:40:19'),(5,3,'Starters',1,'2024-12-08 15:40:19','2024-12-08 15:40:19'),(6,3,'Pastas',2,'2024-12-08 15:40:19','2024-12-08 15:40:19'),(7,4,'Mexican Drinks',1,'2024-12-08 15:40:19','2024-12-08 15:40:19'),(8,4,'Morning Bites',2,'2024-12-08 15:40:19','2024-12-08 15:40:19'),(9,5,'Starters',1,'2024-12-08 15:40:19','2024-12-08 15:40:19'),(10,5,'Tacos',2,'2024-12-08 15:40:19','2024-12-08 15:40:19'),(11,6,'Nachos & More',1,'2024-12-08 15:40:19','2024-12-08 15:40:19'),(12,6,'Sizzlers',2,'2024-12-08 15:40:19','2024-12-08 15:40:19'),(13,7,'Indian Drinks',1,'2024-12-08 15:40:19','2024-12-08 15:40:19'),(14,7,'Traditional Bites',2,'2024-12-08 15:40:19','2024-12-08 15:40:19'),(15,8,'Appetizers',1,'2024-12-08 15:40:19','2024-12-08 15:40:19'),(16,8,'Curries',2,'2024-12-08 15:40:19','2024-12-08 15:40:19'),(17,9,'Tandoori',1,'2024-12-08 15:40:19','2024-12-08 15:40:19'),(18,9,'Desserts',2,'2024-12-08 15:40:19','2024-12-08 15:40:19');

--
-- Dumping data for table `Menu_Item`
--

INSERT INTO `Menu_Item` (`menu_item_id`, `category_id`, `name`, `description`, `price`, `is_vegetarian`, `is_gluten_free`, `allergens`, `spice_level`, `calories`, `is_active`, `tags`, `display_order`, `created_at`, `updated_at`) VALUES (1,1,'Cappuccino','Rich and creamy Italian coffee.',4.50,1,1,'{\"Milk\": true}','MILD',120.00,1,'{\"Recommended\": true}',1,'2024-12-08 15:40:19','2024-12-09 05:06:00'),(2,1,'Espresso','A shot of strong Italian coffee.',3.00,1,1,'{}','MILD',10.00,1,NULL,2,'2024-12-08 15:40:19','2024-12-08 15:40:19'),(3,1,'Latte','Smooth coffee with steamed milk.',4.00,1,1,'{\"Milk\": true}','MILD',150.00,1,NULL,3,'2024-12-08 15:40:19','2024-12-08 15:40:19'),(4,2,'Croissant','Flaky and buttery pastry.',3.50,1,0,'{\"Gluten\": true}','MILD',150.00,1,NULL,1,'2024-12-08 15:40:19','2024-12-08 15:40:19'),(5,3,'Cannoli','Sweet pastry with creamy filling.',4.00,1,0,'{\"Milk\": true, \"Gluten\": true}','MILD',200.00,1,NULL,2,'2024-12-08 15:40:19','2024-12-10 04:20:08'),(6,4,'Panettone','Italian sweet bread with dried fruits.',5.50,1,0,'{\"Eggs\": true, \"Gluten\": true}','MILD',250.00,1,NULL,3,'2024-12-08 15:40:19','2024-12-10 04:20:08'),(7,4,'Bruschetta','Toasted bread with fresh tomato topping.',6.00,1,0,'{\"Gluten\": true}','MILD',180.00,1,NULL,1,'2024-12-08 15:40:19','2024-12-10 04:20:08'),(8,5,'Caprese Salad','Fresh tomatoes, mozzarella, and basil.',7.00,1,1,'{\"Milk\": true}','MILD',150.00,1,'{\"Recommended\": true}',2,'2024-12-08 15:40:19','2024-12-10 04:20:08'),(9,6,'Spaghetti Carbonara','Classic pasta with creamy sauce.',12.00,0,0,'{\"Eggs\": true, \"Milk\": true, \"Gluten\": true}','MILD',400.00,1,NULL,1,'2024-12-08 15:40:19','2024-12-10 04:20:08'),(10,4,'Margherita Pizza','Wood-fired pizza with tomato and basil.',10.00,1,0,'{\"Milk\": true, \"Gluten\": true}','MILD',500.00,1,NULL,2,'2024-12-08 15:40:19','2024-12-08 15:40:19'),(11,4,'Lasagna','Layered pasta with meat and cheese.',14.00,0,0,'{\"Milk\": true, \"Gluten\": true}','MEDIUM',600.00,1,NULL,3,'2024-12-08 15:40:19','2024-12-08 15:40:19'),(12,4,'Horchata','Sweet rice drink with cinnamon.',3.50,1,1,'{\"Nuts\": true}','MILD',200.00,1,NULL,1,'2024-12-08 15:40:19','2024-12-08 15:40:19'),(13,7,'Mexican Hot Chocolate','Rich chocolate with spices.',4.00,1,1,'{\"Milk\": true}','MEDIUM',250.00,1,'{\"New\": true}',2,'2024-12-08 15:40:19','2024-12-10 04:20:08'),(14,8,'Breakfast Burrito','Eggs, cheese, and beans in a tortilla.',7.50,1,0,'{\"Eggs\": true, \"Gluten\": true}','MEDIUM',300.00,1,NULL,1,'2024-12-08 15:40:19','2024-12-10 04:20:08'),(15,9,'Huevos Rancheros','Eggs with salsa and tortillas.',8.00,1,0,'{\"Eggs\": true}','HOT',350.00,1,NULL,2,'2024-12-08 15:40:19','2024-12-10 04:20:08'),(16,10,'Chilaquiles','Tortilla chips with green or red sauce.',9.00,1,0,'{\"Gluten\": true}','HOT',400.00,1,NULL,3,'2024-12-08 15:40:19','2024-12-10 04:20:08'),(17,11,'Enchiladas','Corn tortillas stuffed and covered in sauce.',12.00,0,0,'{\"Gluten\": true}','HOT',400.00,1,NULL,1,'2024-12-08 15:40:19','2024-12-10 04:20:08'),(18,12,'Fajita Platter','Sizzling grilled meat with vegetables.',14.50,0,1,'{\"Beef\": true}','HOT',600.00,1,NULL,2,'2024-12-08 15:40:19','2024-12-10 04:20:08'),(19,12,'Churros','Fried dough with cinnamon and sugar.',5.00,1,0,'{\"Milk\": true, \"Gluten\": true}','MILD',350.00,1,NULL,3,'2024-12-08 15:40:19','2024-12-10 04:20:08'),(20,13,'Masala Chai','Indian spiced tea.',2.50,1,1,'{\"Milk\": true}','MILD',80.00,1,NULL,1,'2024-12-08 15:40:19','2024-12-10 04:20:08'),(21,14,'Aloo Paratha','Stuffed flatbread with potatoes.',5.00,1,0,'{\"Gluten\": true}','MEDIUM',300.00,1,'{\"Special\": true}',2,'2024-12-08 15:40:19','2024-12-10 04:20:08'),(22,15,'Idli Sambar','Steamed rice cakes with lentil soup.',6.00,1,1,'{}','MILD',250.00,1,NULL,3,'2024-12-08 15:40:19','2024-12-10 04:20:08'),(23,16,'Butter Chicken','Rich tomato-based chicken curry.',11.00,0,0,'{\"Milk\": true, \"Chicken\": true}','MEDIUM',400.00,1,NULL,1,'2024-12-08 15:40:19','2024-12-10 04:20:08'),(24,16,'Dal Makhani','Creamy lentils cooked with spices.',8.00,1,0,'{\"Milk\": true}','MEDIUM',350.00,1,NULL,2,'2024-12-08 15:40:19','2024-12-10 04:20:08'),(25,16,'Paneer Butter Masala','Soft cottage cheese in creamy tomato sauce.',9.00,1,0,'{\"Milk\": true}','MILD',300.00,1,NULL,3,'2024-12-08 15:40:19','2024-12-10 04:20:08'),(26,17,'Tandoori Roti','Indian bread cooked in tandoor.',1.50,1,1,'{\"Gluten\": true}','MILD',100.00,1,'{\"Special\": true}',1,'2024-12-08 15:40:19','2024-12-10 04:20:08'),(27,18,'Gulab Jamun','Sweet dumplings soaked in syrup.',4.00,1,1,'{\"Milk\": true}','MILD',200.00,1,NULL,2,'2024-12-08 15:40:19','2024-12-10 04:20:08');


--
-- Dumping data for table `Menu_Item_Feedback`
--

INSERT INTO `Menu_Item_Feedback` (`feedback_id`, `menu_item_id`, `user_id`, `rating`, `comments`, `feedback_date`) VALUES (1,1,2,5,'Absolutely loved the Spaghetti Carbonara! Perfect balance of flavors.','2024-12-01 03:30:00'),(2,4,2,4,'The Tacos were good but could use a bit more spice.','2024-12-02 07:45:00'),(3,7,3,3,'The Butter Chicken was decent, but I expected more richness in the gravy.','2024-12-03 08:15:00'),(4,9,3,5,'Masala Dosa was crispy and flavorful, highly recommend!','2024-12-04 01:20:00');


--
-- Dumping data for table `Restaurant`
--

INSERT INTO `Restaurant` (`restaurant_id`, `name`, `address`, `phone_number`, `email`, `website_url`, `cuisine_type`, `is_active`, `created_at`, `updated_at`) VALUES (1,'Bella Italia','123 Main St, Melbourne','123456789','contact@bellaitalia.com','http://bellaitalia.com','ITALIAN',1,'2024-12-08 15:40:19','2024-12-08 15:40:19'),(2,'Taco Fiesta','456 Elm St, Sydney','987654321','info@tacofiesta.com','http://tacofiesta.com','MEXICAN',1,'2024-12-08 15:40:19','2024-12-08 15:40:19'),(3,'Curry Delight','789 Maple St, Brisbane','456789123','hello@currydelight.com','http://currydelight.com','INDIAN',1,'2024-12-08 15:40:19','2024-12-08 15:40:19');

--
-- Dumping data for table `Restaurant_Hours`
--

INSERT INTO `Restaurant_Hours` (`restaurant_hours_id`, `restaurant_id`, `day_of_week`, `opens_at`, `closes_at`, `created_at`, `updated_at`) VALUES (1,1,'MONDAY','10:00:00','22:00:00','2024-12-08 16:01:52','2024-12-08 16:01:52'),(2,1,'TUESDAY','02:00:00','22:00:00','2024-12-08 16:01:52','2024-12-09 15:23:57'),(3,1,'WEDNESDAY','10:00:00','22:00:00','2024-12-08 16:01:52','2024-12-08 16:01:52'),(4,1,'THURSDAY','10:00:00','22:00:00','2024-12-08 16:01:52','2024-12-08 16:01:52'),(5,1,'FRIDAY','10:00:00','23:00:00','2024-12-08 16:01:52','2024-12-08 16:01:52'),(6,1,'SATURDAY','09:00:00','23:00:00','2024-12-08 16:01:52','2024-12-08 16:01:52'),(7,1,'SUNDAY','09:00:00','21:00:00','2024-12-08 16:01:52','2024-12-08 16:01:52'),(8,2,'MONDAY','16:00:00','21:00:00','2024-12-08 16:01:52','2024-12-09 04:33:23'),(9,2,'TUESDAY','11:00:00','21:00:00','2024-12-08 16:01:52','2024-12-08 16:01:52'),(10,2,'WEDNESDAY','11:00:00','21:00:00','2024-12-08 16:01:52','2024-12-08 16:01:52'),(11,2,'THURSDAY','11:00:00','21:00:00','2024-12-08 16:01:52','2024-12-08 16:01:52'),(12,2,'FRIDAY','11:00:00','22:00:00','2024-12-08 16:01:52','2024-12-08 16:01:52'),(13,2,'SATURDAY','10:00:00','22:00:00','2024-12-08 16:01:52','2024-12-08 16:01:52'),(14,2,'SUNDAY','10:00:00','20:00:00','2024-12-08 16:01:52','2024-12-08 16:01:52'),(15,3,'MONDAY','09:00:00','21:00:00','2024-12-08 16:01:52','2024-12-08 16:01:52'),(16,3,'TUESDAY','09:00:00','21:00:00','2024-12-08 16:01:52','2024-12-08 16:01:52'),(17,3,'WEDNESDAY','09:00:00','21:00:00','2024-12-08 16:01:52','2024-12-08 16:01:52'),(18,3,'THURSDAY','09:00:00','21:00:00','2024-12-08 16:01:52','2024-12-08 16:01:52'),(19,3,'FRIDAY','09:00:00','22:00:00','2024-12-08 16:01:52','2024-12-08 16:01:52'),(20,3,'SATURDAY','09:00:00','22:00:00','2024-12-08 16:01:52','2024-12-08 16:01:52'),(21,3,'SUNDAY','10:00:00','20:00:00','2024-12-08 16:01:52','2024-12-08 16:01:52');


--
-- Dumping data for table `User`
--

INSERT INTO `User` (`user_id`, `username`, `email`, `password_hash`, `role`, `created_at`, `updated_at`) VALUES (1,'admin_user','admin@example.com','hashed_admin_password','ADMIN','2024-12-08 15:53:47','2024-12-08 15:53:47'),(2,'john_doe','john.doe@example.com','hashed_password1','USER','2024-12-08 15:53:47','2024-12-08 15:53:47'),(3,'alex_chef','alex.chef@example.com','hashed_password2','USER','2024-12-08 15:53:47','2024-12-08 15:53:47');
